instance_name,lat,long
00x.club,48.8582,2.3387
15m.icolectiva.org,40.4172,-3.684
1oku.net,35.69,139.69
2.distsn.org,35.6047,140.1233
3.nu,35.1802,136.9067
35o.poker,35.685,139.7514
39sounds.net,35.685,139.7514
3dscapture.net,35.9086,139.4853
4com.jp,34.6864,135.52
575don.club,35.69,139.69
7144.party,35.685,139.7514
758.fm,35.685,139.7514
7nw.eu,48.8582,2.3387
Equestria.Social,44.7434,-0.6791
Mastodon.cloud,37.751,-97.822
a.weirder.earth,51.4964,-0.1224
acg.mn,22.25,114.1667
acid.wtf,51.2993,9.491
adney.land,40.7214,-74.0052
aidon.club,35.685,139.7514
aigisdon.net,45.8696,-119.688
akashiensis.com,35.685,139.7514
akiba-fan.com,34.6864,135.52
akiba.tokyo.jp,35.69,139.69
akibaoh.tech,34.6864,135.52
akitadon.info,34.6864,135.52
aleph.land,48.8582,2.3387
algerietelecom.org,48.8582,2.3387
ali.delbertbeta.cc,30.2936,120.1614
alpc-island.m.to,35.685,139.7514
amefootdon.com,34.6864,135.52
amicale.net,48.8637,2.3615
amnz.jp,34.6864,135.52
anarchism.space,37.567,-121.9829
ancr.club,35.9411,139.8581
android-user.club,35.685,139.7514
angel.innolan.net,55.6667,12.5833
animalliberation.social,40.8326,-74.1307
anime.mstdn.cloud,35.685,139.7514
animedon.tk,35.1802,136.9067
animefun.jp,37.4192,-122.0574
anisodon.jp,35.685,139.7514
anitwitter.moe,39.1472,-94.5735
anti.energy,50.1167,8.6833
anticapitalist.party,48.8628,2.3292
antisocial.narinimous.fr,48.8582,2.3387
api.m.to,35.685,139.7514
apoil.org,50.4639,1.7628
arm.m.to,35.685,139.7514
arrowp5210.m.to,35.685,139.7514
aruk.as,35.685,139.7514
ascraeus.org,46,2
ashikaga.link,34.6864,135.52
asnas.m.to,35.685,139.7514
asonix.dog,30.4154,-97.7982
assortedflotsam.com,34.0494,-118.2641
atasinti.hostdon.jp,35.69,139.69
atdotatdotat.at,46,2
atomicfridge.net,46,2
audiophile-mastodon.com,34.6864,135.52
august-don.site,35.685,139.7514
avidol.jp,34.6864,135.52
awaodori.tokyo,35.9086,139.4853
awoo.space,51.4964,-0.1224
aws.afn.social,35.685,139.7514
azuchi.m.to,35.685,139.7514
babuu.club,34.6864,135.52
babymetal.party,34.6864,135.52
balkan.fedive.rs,52.35,4.9167
bam.yt,48.8582,2.3387
band-mastdn.tokyo,37.4192,-122.0574
bangdream.m.to,35.685,139.7514
bangdream.space,48.8582,2.3387
bapp.me,1.3667,103.8
baraag.net,46,2
bark.zer0xff.com,35.7833,139.9
basictomonokai.m.to,35.685,139.7514
basil.asria.jp,35.8569,139.6489
basstdn.jp,37.751,-97.822
bcn-users.degica.com,35.685,139.7514
beer.m.to,35.685,139.7514
beerbeer.tokyo,35.69,139.69
beyblade.m.to,35.685,139.7514
beyblader.top,35.685,139.7514
bibeogaem.zone,48.8582,2.3387
bicyclemstdn.jp,34.6864,135.52
bigdoinks.online,37.7749,-122.4194
birdsite.link,56,24
bitcoinadon.social,51.2993,9.491
biwakodon.com,34.6864,135.52
blabla.maravitti.fr,48.8582,2.3387
blackice.online,35.685,139.7514
bldon.net,35.69,139.69
bloodandthunderleviathan.herokuapp.com,53.3389,-6.2595
bloodmountain.herokuapp.com,39.0481,-77.4729
bne.social,-33.494,143.2104
boitam.eu,48.8582,2.3387
bona.space,46,2
bonn.social,51.2637,6.5473
bookn.me,47.6344,-122.3422
bookwitty.social,48.8582,2.3387
bookwor.ms,34.6864,135.52
borderline.mooo.info,35.685,139.7514
boss.taxi,35.685,139.7514
botdon.net,34.6864,135.52
botsin.space,40.7214,-74.0052
boyslove.jp,34.6864,135.52
brrrt.eu,53.3389,-6.2595
bsd.network,37.751,-97.822
c-don.net,35.685,139.7514
c2bdon.net,35.6047,140.1233
ca-os.com,37.567,-121.9829
cafe.des-blogueurs.org,51.4964,-0.1224
campaign.openworlds.info,48.8582,2.3387
canislupus.im,54,-2
capitalism.party,37.4192,-122.0574
carma.red,45.8696,-119.688
carnit.as,50.1167,8.6833
castodon.jp,34.6864,135.52
cat.m.to,35.685,139.7514
catdon.life,34.6864,135.52
catgram.jp,45.8696,-119.688
cathuman.m.to,35.685,139.7514
cb.ku.cx,51.2993,9.491
chabant.social,37.567,-121.9829
chablis.social,46,2
chaos.social,51.2993,9.491
chaosphere.hostdon.jp,35.69,139.69
charafre.noela.moe,34.6864,135.52
chat.cdstm.ch,48.8582,2.3387
chiawase.tokyo,35.685,139.7514
chibadon.jp,35.69,139.69
chibi.kemo.no,48.8582,2.3387
chicken.m.to,35.685,139.7514
chiji.space,37.4192,-122.0574
chikuwa.sweak.net,37.751,-97.822
chirpi.de,51.2993,9.491
chitose.moe,35.685,139.7514
chitter.xyz,52.3824,4.8995
chizai.cafe,35.1802,136.9067
chofudon.tokyo,1.2855,103.8565
chorus.space,1.2855,103.8565
christodon.com,35.69,139.69
cigarcabin.com,34.0544,-118.244
cksv.jp,34.6864,135.52
clacks.link,47.6201,-122.1653
claristdon.net,35.685,139.7514
clashroyalemastodon.com,34.6864,135.52
clc.plus,40.8326,-74.1307
clodostr.at,48.9193,2.5431
cmpwn.com,40.7357,-74.1724
cmu.party,46,2
cmx.im,56,24
cn.tootist.net,35.685,139.7514
co-mastdn.ga,35.685,139.7514
coales.co,51.0494,-113.9564
cocoronavi.net,35.69,139.69
cofe.social,56,24
comico.m.to,35.685,139.7514
comicsofcolor.club,48.8582,2.3387
comm.cx,37.751,-97.822
compass-community.f5.si,35.685,139.7514
computerfairi.es,32.7787,-96.8218
cookdon.com,34.6864,135.52
cooperdon.com,35.69,139.69
cornix.hostdon.jp,35.69,139.69
corrigan.moe,52.3613,4.6464
cosi.town,45.504,-73.5748
cosp.la,39.0481,-77.4729
counter.social,37.751,-97.822
creativity.cafe,40.7214,-74.0052
crunchywatch.uk,48.8582,2.3387
crusaders.m.to,35.685,139.7514
cuddleso.me,33.6119,-111.8906
currydon.com,34.6864,135.52
cutie.space,48.8628,2.3292
cxt.masto.host,46,2
cyber.cafe,40.5516,-74.4637
cybr.es,48.8582,2.3387
cybre.space,51.2993,9.491
cyclodon.net,35.69,139.69
dancingbanana.party,51.4964,-0.1224
danshudon.jp,35.685,139.7514
darkest-timeline.com,52.35,4.9167
darksocial.party,40.8221,-74.4564
dartsdon.jp,34.6864,135.52
deep-learning.site,48.8582,2.3387
delusion.ariela.jp,35.69,139.69
dev.glitch.social,45.4987,-73.5793
dhtls.net,34.6864,135.52
diaspodon.fr,48.8582,2.3387
digilife.club,34.6864,135.52
djanzu.tokyo,35.685,139.7514
dnfc.fun,45.504,-73.5748
dokushodon.life,35.69,139.69
doll.social,35.7574,139.6273
dolphin.town,37.567,-121.9829
don.akashi.cloud,39.0481,-77.4729
don.chakuriki.net,35.685,139.7514
don.ekesete.net,35.685,139.7514
don.m2hq.net,34.6864,135.52
don.mamemo.online,35.69,139.69
don.matchy.jp,37.4192,-122.0574
don.mfz.jp,35.685,139.7514
don.msng.info,1.2855,103.8565
don.rabbit-house.me,37.4192,-122.0574
don.tacostea.net,36,138
don.techfeed.io,35.685,139.7514
don.wakamesoba98.net,34.6864,135.52
donsuke.biz,35.1802,136.9067
doronko.club,37.4192,-122.0574
doshidon.com,45.8696,-119.688
doug.computer,40.7357,-74.1724
dq10.online,35.685,139.7514
dragon.style,40.7214,-74.0052
dramadon.net,34.6864,135.52
dreo.io,51.4964,-0.1224
drg.im,45.4987,-73.5793
droogz.razvrat.org,40.7214,-74.0052
dtp-mstdn.jp,36,138
durel.org,48.8582,2.3387
dutchxs.com,52.3824,4.8995
east.mstdn.tokyo,37.4192,-122.0574
eat-inago-inago.com,34.6864,135.52
ecodigital.social,51.4964,-0.1224
ecurie.social,48.7685,2.4187
edge.mstdn.jp,34.6864,135.52
edge.taruntarun.net,35.685,139.7514
ediot.social,37.751,-97.822
ehr.m.to,35.685,139.7514
eigadon.net,35.4478,139.6425
eizodon.jp,34.6864,135.52
el-ktm.com,37.7697,-122.3933
eldritchworld.nom.es,51.2993,9.491
elekk.xyz,39.018,-77.539
elephant-bike.herokuapp.com,39.0481,-77.4729
elephant.bike,39.0481,-77.4729
elephant.bluecore.net,36,138
eletusk.club,35.8333,139.5833
elict.net,35.685,139.7514
emacs.li,38.9266,-77.3937
emojidon.global,34.6864,135.52
empty.cafe,48.8582,2.3387
engineered.space,51.5142,-0.0931
ephemeral.glitch.social,45.4987,-73.5793
epsilon.social,46,2
equestria.social,44.7434,-0.6791
ery.kr,35.685,139.7514
esp.community,35.685,139.7514
esperanto.masto.host,46,2
estpls.m.to,35.685,139.7514
etv.jikkyo.tv,34.6864,135.52
eunivers.social,46,2
everydon.com,35.685,139.7514
f-rabbit.com,34.7167,135.4167
fam.vermeulen.id.au,46,2
fanfare.horse,34.6864,135.52
faux.io,37.751,-97.822
fehacking.xyz,48.8582,2.3387
feralkin.com,43.6555,-79.3626
fern.surgeplay.com,37.751,-97.822
ffxiv-mastodon.com,35.69,139.69
fgo.geekdon.jp,35.685,139.7514
fgochiho.vip,34.6864,135.52
fido.stephenbasile.com,39.8918,-75.2759
fierce-reef-65367.herokuapp.com,53.3389,-6.2595
fivewords.uk,51.5,-3.2
fla.red,56,24
flashfic.stream,37.3688,-122.0363
flower.afn.social,35.685,139.7514
fnordica.de,51,9
fo0bar.org,37.751,-97.822
foodon.jp,34.6864,135.52
foresdon.jp,35.685,139.7514
forexdon.org,29.4889,-98.3987
forum.manga.tokyo,45.8696,-119.688
fosstodon.org,46,2
fox.masto.host,46,2
fr.osm.social,50.8333,4.3333
framapiaf.org,51.2993,9.491
freehold.earth,32.7787,-96.8218
freeradical.zone,40.7214,-74.0052
frell.co,37.567,-121.9829
friendica.me,51.4964,-0.1224
friendica.sonatagreen.com,49.274,-122.7649
friends.nico,35.685,139.7514
friends.tennis,37.7697,-122.3933
friloux.me,48.8582,2.3387
from.komic.eu,46,2
frontend.social,37.567,-121.9829
frootmig.net,51,9
fsdon.com,34.6864,135.52
ftb.moe,34.6864,135.52
fucktodon.tokyo,35.69,139.69
fudanshi.org,37.7353,-122.3732
fukuoka.m.to,35.685,139.7514
fullstackgeek.tech,34.6864,135.52
functional.cafe,51.2993,9.491
funfunmstdn.tokyo,34.6864,135.52
fur.cloud,52.3824,4.8995
furry.wtf,41.1767,-95.9956
furstdn.jp,33.6064,130.4181
fuzjkodon.m.to,35.685,139.7514
fvhp-run.herokuapp.com,39.0481,-77.4729
fx-don.net,35.1802,136.9067
g0v.social,35.5833,139.7483
gadget.inpocket.net,35.685,139.7514
gamba.osaka.jp,35.685,139.7514
gamecluster.net,35.685,139.7514
gamecreate.mstdn.cloud,35.685,139.7514
gamejam.site,34.6864,135.52
gamelinks007.net,35.69,139.69
gamemaking.social,46,2
gamers.social,35.69,139.69
games-community.xyz,34.6864,135.52
gazette.live,37.567,-121.9829
gbtdn.tokyo,37.751,-97.822
gdrsocial.it,46,2
geeks.one,49.9896,8.4225
gelt.cz,51.5142,-0.0931
gender.town,40.7357,-74.1724
gensokyo.cloud,35.69,139.69
gentleman-loser.com,34.6864,135.52
gigamastodon.com,35.69,139.69
gingadon.com,34.6864,135.52
gla.fit,48.8582,2.3387
glamdon.com,48.8582,2.3387
gldon.hostdon.jp,35.69,139.69
glitch.social,45.4987,-73.5793
go-newbie.club,35.69,139.69
golfdn.com,35.69,139.69
gonext.gg,51.2993,9.491
gonsphere.tk,35.5833,139.7483
googoldon.net,34.6864,135.52
gouhuoapp.com,39.9289,116.3883
gradiect.m.to,35.685,139.7514
grimoire.kanzakiranko.jp,35.69,139.69
guimik.fr,48.8763,2.3183
gundam.masto.host,48.8582,2.3387
gunmastodon.com,34.6864,135.52
guu.so,48.8582,2.3387
gyudn.com,35.685,139.7514
h.ftqq.com,22.25,114.1667
h.kher.nl,48.9193,2.5431
hackers.social,48.8582,2.3387
hackers.town,29.4241,-98.4936
hakuhodon.com,34.6864,135.52
hamtter.net,34.6864,135.52
handon.club,35.685,139.7514
happy-oss.y-zu.org,37.751,-97.822
happy-social-life.fudanchii.net,46,25
haruhi-mstdn.club,34.6864,135.52
hatabowyou.club,35.685,139.7514
haupt.bahnhof.cz,51.2993,9.491
haxors.com,40.7308,-73.9975
hckr.no,60.3404,5.2853
hdhdhd.m.to,35.685,139.7514
hearthtodon.com,35.685,139.7514
helloproject.m.to,35.685,139.7514
hemohemo.m.to,35.685,139.7514
hex.bz,45.504,-73.5748
hfukuchi.masto.host,46,2
hige.alterna-cloud.com,37.4192,-122.0574
high.cat,48.8582,2.3387
hikarin.m.to,35.685,139.7514
himastdon.club,37.751,-97.822
hispagatos.space,40.7214,-74.0052
hitb-masto.herokuapp.com,39.0481,-77.4729
hitlers.win,51.2993,9.491
hodl.city,37.567,-121.9829
hodl.social,51.5142,-0.0931
hojiro.herokuapp.com,39.0481,-77.4729
hokutodon.co,50.1167,8.6833
home.aqraf.tokyo,35.685,139.7514
home.m.to,35.685,139.7514
homex.bounceme.net,48.8582,2.3387
horiedon.com,34.6864,135.52
hostux.social,48.8582,2.3387
howl.m.to,35.685,139.7514
hqpf.site,35.6047,140.1233
hsj.life,35.685,139.7514
hub.sakuragawa.moe,37.751,-97.822
humuu.m.to,35.685,139.7514
huwa.m.to,35.685,139.7514
hwdon.jp,35.69,139.69
i-kaohsiung.com,23.5,121
i-n-t-e-r-n-e-t-2-0-0-0.net,34.6864,135.52
i.write.codethat.sucks,51.5142,-0.0931
iamastodon.gifu.jp,35.69,139.69
ichiji.social,37.4192,-122.0574
icmstdn.com,40.7904,-74.0247
icosahedron.website,52.3613,4.6464
icosahedron.website.,52.3613,4.6464
idoldon.com,34.6864,135.52
idolish7.fun,40.7214,-74.0052
ieji.de,51.2993,9.491
ifrit.gaia.ff14-mstdn.xyz,35.685,139.7514
igouv.fr,46,2
igreally.masto.host,48.8582,2.3387
igreally.social,40.8326,-74.1307
ika.julika.jp,35.69,139.69
ika.moe,51.4964,-0.1224
ika.queloud.net,45.8696,-119.688
ilove.mochi.academy,45.504,-73.5748
im-in.space,51.4964,-0.1224
im.notreal.pw,48.8582,2.3387
imaginair.es,48.8582,2.3387
imastodon.net,45.8696,-119.688
inari.opencocon.org,35.685,139.7514
indyjp.club,35.685,139.7514
infinimatix.net,48.8582,2.3387
infosec.exchange,37.751,-97.822
innocent.yukimochi.io,35.685,139.7514
insolente.im,45.8696,-119.688
insoumis-es.net,48.8582,2.3387
insoumis.social,51.4964,-0.1224
instance.business,33.749,-84.388
interfesse.net,48.8582,2.3387
intersect.hackershack.net,29.4821,-98.4556
introvert.party,51.2993,9.491
io.bennyp.org,50.1167,8.6833
iomstdn.tokyo,34.6864,135.52
ipno.us,45.504,-73.5748
ipv6.social.konosuke.jp,36,138
is.a.qute.dog,40.7214,-74.0052
iscute.ovh,52.186,20.9933
ishikaridon.jp,34.6864,135.52
iwami-mastodon.herokuapp.com,39.0481,-77.4729
iwatedon.net,35.685,139.7514
iyher.club,34.6864,135.52
janogdon.net,34.6864,135.52
japanweather.m.to,35.685,139.7514
japaon.cf,37.4192,-122.0574
jesusinthe.club,48.8582,2.3387
jeunesse.media,53.3389,-6.2595
jianghupl.com,37.7353,-122.3732
jitakudon.com,35.6047,140.1233
john-mastodon.scalingo.io,48.8582,2.3387
john.town,42.0152,-87.9901
jojomonvr.com,34.6864,135.52
jonproulx.com,42.3646,-71.1028
josephburnett.social,46,2
jp-mstdn.com,34.6864,135.52
jpnews.site,35.69,139.69
jstd.me,37.751,-97.822
jubi.life,40.8326,-74.1307
julika.jp,35.69,139.69
junkhub.org,34.6864,135.52
kabudon.jp,34.6864,135.52
kabutodon.com,34.6864,135.52
kagerw.m.to,35.685,139.7514
kaisendon.asmodeus.red,35.685,139.7514
kakudon.com,12.9833,77.5833
kalebporter.club,42.3541,-85.547
kamiyacho.net,34.6864,135.52
kancolle-yokosuka.xyz,37.4192,-122.0574
kancolle.social,48.8582,2.3387
karakara.m.to,35.685,139.7514
kashiwadon.net,35.685,139.7514
kawasaki-city.social,36,138
keiba.social,34.6864,135.52
kemonodon.club,35.685,139.7514
kent.m.to,35.685,139.7514
kernel32.de,51,9
kero.ccsakura.jp,51.4964,-0.1224
kerokero.rororo.xyz,35.685,139.7514
killmi.st,35.685,139.7514
kiminona.co,45.8696,-119.688
kimonosou.tokyo,35.685,139.7514
kingdown.social,48.8582,2.3387
kinky.business,40.7357,-74.1724
kiraako.work,35.685,139.7514
kirakiratter.com,37.751,-97.822
kirapower.ichigo-hoshimiya.com,45.8696,-119.688
kirby-fans.com,34.6864,135.52
kirishima.cloud,35.5206,139.7172
kirishimalab21.xyz,35.685,139.7514
kitadon.com,35.69,139.69
kitty.town,48.8582,2.3387
kiwaitsu.m.to,35.685,139.7514
kkczjpn.m.to,35.685,139.7514
km-connect.org,35.685,139.7514
kmmtn.com,35.3089,139.5503
knkr.m.to,35.685,139.7514
knzk.me,34.5833,135.4667
kokokokko.com,34.6864,135.52
kokuchidon.net,35.69,139.69
konkat.jp,34.6864,135.52
koshiendon.com,34.6864,135.52
kosmos.social,51.2993,9.491
koya.m.to,35.685,139.7514
kpodon.jp,35.1802,136.9067
kttsakaba.net,35.685,139.7514
kuncheff.social,40.7214,-74.0052
kurage.cc,34.6864,135.52
kurakake.net,48.8582,2.3387
kurosawa-ruby.xyz,34.6864,135.52
kyoto-citygrid.org,37.751,-97.822
kyureki.jp,35.1802,136.9067
lab.oresys.nagoya,35.25,136.7833
labotadon.net,39.0481,-77.4729
lagom.agoni.news,37.4192,-122.0574
latedon.sui-hei.net,34.6864,135.52
layer8.space,51.2993,9.491
leaf.style,35.69,139.69
learn-english.site,48.8582,2.3387
legfr.social,48.8582,2.3387
lethar.gy,40.7214,-74.0052
lfsr.net,35.69,139.69
lgbt.io,32.7787,-96.8218
lianiis.m.to,35.685,139.7514
libertarian.chat,40.7214,-74.0052
linuxrocks.online,30.0028,-95.3963
listen.gallery,39.0481,-77.4729
livers.jp,48.8582,2.3387
local.iwamidon.tech,39.0481,-77.4729
lomo.mstdn.tokyo,45.8696,-119.688
lordinateur.tech,37.751,-97.822
lorraine.blue,46,2
lou.lt,51.4964,-0.1224
loutre.info,48.8582,2.3387
lovelive-anime.tk,35.69,139.69
ltch.fr,48.8582,2.3387
lux.blue,40.7089,-74.0012
m-uru.website,37.4192,-122.0574
m.anyhu.gs,37.751,-97.822
m.bonzoesc.net,37.751,-97.822
m.devolio.net,48.8582,2.3387
m.g3l.org,48.8628,2.3292
m.gandi.social,46,2
m.geraffel.net,51,9
m.hitorino.moe,22.2833,114.15
m.hxbus.net,35.5833,139.7483
m.livetube.cc,35.685,139.7514
m.loovto.net,48.8582,2.3387
m.massy.city,48.8322,2.3561
m.moe.cat,35.685,139.7514
m.moriya.faith,34.6864,135.52
m.mtjm.eu,50.1167,8.6833
m.okadajp.org,35.6047,140.1233
m.paulbutler.org,46,2
m.pira.jp,52.35,4.9167
m.rutan.info,35.69,139.69
m.rweekly.org,40.5516,-74.4637
m.sighash.info,45.8696,-119.688
m.sirousa.me,34.6864,135.52
m.sl-network.fr,46,2
m.sysi.work,37.4192,-122.0574
m.tatapa.org,35.685,139.7514
m.themsp.org,37.3387,-121.8914
m.u7fa9.org,37.4192,-122.0574
m.umbriel.fr,45.7485,4.8467
m.uncate.org,34.6864,135.52
m.upsilo.net,34.6864,135.52
m.v.nu,35.5206,139.7172
m6n.jp,35.685,139.7514
m6n.onsen.tech,34.6864,135.52
ma.luna.fyi,48.9167,2.3833
ma.strangeworld.jp,52.2394,21.0362
madomadon.net,43.6319,-79.3716
mag-mstdn.tki.jp,37.751,-97.822
magenta.click,37.751,-97.822
magi.systems,37.751,-97.822
makerdon.org,39.4899,-74.4773
malfunctioning.technology,45.8696,-119.688
maltdn.com,35.1802,136.9067
maly.io,48.8763,2.3183
mammout.bzh,46,2
mammouth.cafe,46,2
mammouth.inframed.net,48.8582,2.3387
mammut.buzz,43.6684,-79.3689
mammut.zasha.style,34.6864,135.52
mamot.fr,48.8582,2.3387
mamout.xyz,45.504,-73.5748
mamut.social,46,2
mana9356.m.to,35.685,139.7514
mangadon.info,34.6864,135.52
manhater.io,45.8696,-119.688
manhole.club,34.6864,135.52
manowar.social,55.7123,12.0564
manx.social,51.4964,-0.1224
mao.daizhige.org,39.9289,116.3883
maron.blue,48.8582,2.3387
mas.home.monsiteinternet.org,48.8582,2.3387
masatodon.click,35.685,139.7514
masatodon.com,34.6864,135.52
masatodon.jp,34.6864,135.52
mast.datamol.org,51,9
mast.eu.org,48.8628,2.3292
mast.iankelling.org,32.7787,-96.8218
mast.kaikretschmann.de,51.2993,9.491
mast.moe,35.69,139.69
mast.tayori.org,35.685,139.7514
mast.tokyo,39.0481,-77.4729
mast.udon.moe,40.7214,-74.0052
mastadon.tescher.me,37.751,-97.822
mastd.me,35.685,139.7514
mastd.racing,48.8582,2.3387
mastdc.com,39.0481,-77.4729
mastdn.jp,35.69,139.69
mastdn.lovesaemi.daemon.asia,34.7833,135.4667
mastdon.amazedkoumei.com,34.6864,135.52
mastedm.club,37.4192,-122.0574
masto.cryptoworld.is,51.2993,9.491
masto.dog,37.4192,-122.0574
masto.donte.com.br,39.4899,-74.4773
masto.fdlibre.eu,52.35,4.9167
masto.fine.moe,36.6648,-78.3715
masto.fslhome.org,46,2
masto.io,39.1068,-94.566
masto.ninja,48.8582,2.3387
masto.pt,48.8582,2.3387
masto.quad.moe,48.8582,2.3387
masto.raildecake.fr,43.5995,1.4332
masto.rezo2france.fr,48.8582,2.3387
masto.se,50.1167,8.6833
masto.svnet.fr,46,2
masto.tech,37.751,-97.822
masto.themimitoof.fr,48.8582,2.3387
mastochizuru.xyz,34.6864,135.52
mastodol.jp,34.6864,135.52
mastodoll.net,34.6864,135.52
mastodon-jp.org,1.2855,103.8565
mastodon-lyontech.fr,46,2
mastodon-omoshiro.com,34.6864,135.52
mastodon-robamimi.club,34.6864,135.52
mastodon-srv.gq,34.6864,135.52
mastodon-techdrive-staging.herokuapp.com,39.0481,-77.4729
mastodon-toyama.xyz,45.8696,-119.688
mastodon.103.ms,34.6864,135.52
mastodon.2502.net,35.69,139.69
mastodon.29lab.jp,35.685,139.7514
mastodon.3bk.jp,35.685,139.7514
mastodon.850mb.net,37.751,-97.822
mastodon.9net.org,48.8582,2.3387
mastodon.acc.sunet.se,59.3247,18.056
mastodon.acc.umu.se,63.8333,20.25
mastodon.anti-globalism.org,34.6864,135.52
mastodon.applest.net,34.6864,135.52
mastodon.aquarla.net,35.685,139.7514
mastodon.ar.al,48.8582,2.3387
mastodon.art,60.1708,24.9375
mastodon.at,48.8582,2.3387
mastodon.atikoro.net,37.3422,-121.9052
mastodon.aventer.biz,51.2993,9.491
mastodon.babycastles.com,48.8582,2.3387
mastodon.baeck.at,50.1167,8.6833
mastodon.beerfactory.org,48.8582,2.3387
mastodon.bertel-numerique.re,-21.1,55.6
mastodon.binatang.nl,52.3824,4.8995
mastodon.bitbank.cc,35.685,139.7514
mastodon.blue,48.8582,2.3387
mastodon.brussels,48.8582,2.3387
mastodon.bunkerchan.xyz,48.8582,2.3387
mastodon.burnworks.com,34.6864,135.52
mastodon.business,37.751,-97.822
mastodon.capitaines.fr,50.4104,2.8305
mastodon.cc,45.8696,-119.688
mastodon.cemea.org,48.8582,2.3387
mastodon.centiworks.com,30.2678,-97.7426
mastodon.cgx.me,43.7031,7.2661
mastodon.chaosfield.at,51.2993,9.491
mastodon.chilos.jp,35.1802,136.9067
mastodon.chotto.moe,35.685,139.7514
mastodon.civleaguejp.net,35.8569,139.6489
mastodon.cl,43.21,-79.655
mastodon.cloud,37.751,-97.822
mastodon.club,44.6533,-63.6675
mastodon.co.nz,-33.8612,151.1982
mastodon.co.za,40.7214,-74.0052
mastodon.codingfield.com,48.8628,2.3292
mastodon.com.pl,48.8582,2.3387
mastodon.cosmicanimal.jp,35.7166,137.9375
mastodon.crazynewworld.net,35.685,139.7514
mastodon.crazypanda.fr,48.8582,2.3387
mastodon.crossfamilyweb.com,42.7495,-73.5951
mastodon.cusae.com,48.8412,2.3003
mastodon.daiko.fr,48.8582,2.3387
mastodon.danbruno.net,33.9269,-117.8612
mastodon.deafpros.com,40.8326,-74.1307
mastodon.dereferenced.org,48.8582,2.3387
mastodon.desord.re,50.6942,3.1746
mastodon.digitalkr.am,51.2993,9.491
mastodon.diglateam3.com,35.69,139.69
mastodon.dissem.ch,51,9
mastodon.dotopia.dk,50.1167,8.6833
mastodon.dregin.com,48.8582,2.3387
mastodon.dremtech.fr,48.8582,2.3387
mastodon.eastback.co.jp,37.3388,-121.8914
mastodon.ebiryu.tech,34.6864,135.52
mastodon.eifelcoworking.space,48.8582,2.3387
mastodon.elao.com,48.8582,2.3387
mastodon.eliotberriot.com,48.8582,2.3387
mastodon.etalab.gouv.fr,51.4964,-0.1224
mastodon.evolix.org,49.1132,2.4223
mastodon.exchange,37.751,-97.822
mastodon.expert,46,2
mastodon.fishing,34.6864,135.52
mastodon.floripa.br,40.7214,-74.0052
mastodon.forza7.jp,34.6864,135.52
mastodon.ftfl.ca,44.6344,-63.5822
mastodon.fu-jp.net,34.6864,135.52
mastodon.fun,51.4964,-0.1224
mastodon.funigtor.fr,51.4964,-0.1224
mastodon.fyi,40.7308,-73.9975
mastodon.gamedev.place,48.8582,2.3387
mastodon.garbage-juice.com,40.7357,-74.1724
mastodon.gargantia.fr,44.8835,-0.6469
mastodon.gbnet.net,51.4964,-0.1224
mastodon.gion.me,35.685,139.7514
mastodon.gnieh.org,48.8582,2.3387
mastodon.gougere.fr,48.8582,2.3387
mastodon.groningendigitalcity.com,52.5,5.75
mastodon.gza.jp,34.6864,135.52
mastodon.hackerlab.fr,46,2
mastodon.hakai-macaron.com,35.69,139.69
mastodon.hakimus.de,51,9
mastodon.hakoai.com,35.685,139.7514
mastodon.hasameli.com,43.6683,-79.4205
mastodon.havas.jp,35.69,139.69
mastodon.hk,37.751,-97.822
mastodon.home.js4.in,35.69,139.69
mastodon.hong.io,48.8582,2.3387
mastodon.horde.net.br,40.7214,-74.0052
mastodon.host,46,2
mastodon.hugopoi.net,52.35,4.9167
mastodon.huma-num.fr,45.1715,5.7224
mastodon.immae.eu,50.4104,2.8305
mastodon.indie.host,51.2993,9.491
mastodon.infra.de,47.9809,7.7957
mastodon.ingress-enl.jp,34.6864,135.52
mastodon.internot.no,60.393,5.3242
mastodon.iot.tokyo,34.6864,135.52
mastodon.iut-larochelle.fr,48.8582,2.3387
mastodon.izzz.fr,48.8582,2.3387
mastodon.jamesmwright.com,48.8582,2.3387
mastodon.jpages.eu,48.8582,2.3387
mastodon.juggler.jp,34.6864,135.52
mastodon.kamunagara.org,35.69,139.69
mastodon.kawaiyume.net,48.8582,2.3387
mastodon.kebree.fr,48.8582,2.3387
mastodon.kitamurakz.com,35.4478,139.6425
mastodon.kosebamse.com,51.2993,9.491
mastodon.koteitan.com,34.6864,135.52
mastodon.kujiu.org,50.8333,4.3333
mastodon.lachman.tk,49.2,16.6333
mastodon.land,46,2
mastodon.latransition.org,48.8582,2.3387
mastodon.lavergne.online,48.8582,2.3387
mastodon.le-palantir.com,44.1542,0.918
mastodon.lemarchand.io,48.8628,2.3292
mastodon.lerelaisdupatriote.fr,48.8582,2.3387
mastodon.lertsenem.com,56,24
mastodon.lignux.com,48.8582,2.3387
mastodon.linuxquimper.org,48.8582,2.3387
mastodon.lithium03.info,37.4192,-122.0574
mastodon.lndvll.se,59.3247,18.056
mastodon.lolisandstuff.moe,52.3824,4.8995
mastodon.lu,51.2993,9.491
mastodon.m0t0k1ch1.com,35.5833,139.7483
mastodon.machique.st,1.2855,103.8565
mastodon.macsnet.cz,49.75,15.5
mastodon.mail.at,48.2,16.3667
mastodon.maromaro.co.jp,34.6864,135.52
mastodon.matcha-soft.com,34.6864,135.52
mastodon.matrix.org,60.1708,24.9375
mastodon.mattjon.es,51.5142,-0.0931
mastodon.me.uk,37.751,-97.822
mastodon.medieval.jp,34.6864,135.52
mastodon.microdata.co.uk,51.4964,-0.1224
mastodon.migennes.net,48.8582,2.3387
mastodon.minicube.net,35.1802,136.9067
mastodon.mit.edu,37.751,-97.822
mastodon.mnetwork.co.kr,37.5111,126.9743
mastodon.mocademia.jp,35.69,139.69
mastodon.moritrunk.com,37.751,-97.822
mastodon.moshsh-mate.com,34.6864,135.52
mastodon.motcha.tech,35.685,139.7514
mastodon.mpy.ovh,48.8582,2.3387
mastodon.mrtino.eu,46,2
mastodon.muage.org,48.8582,2.3387
mastodon.nakanod.net,37.751,-97.822
mastodon.nara.jp,35.1802,136.9067
mastodon.neilcastelino.com,52.0636,4.3191
mastodon.nekomimi.jp,35.69,139.69
mastodon.nestegg.net,40.4999,-105.2647
mastodon.newtown.chiba.jp,37.3688,-122.0363
mastodon.niu.ne.jp,34.6864,135.52
mastodon.nl,52.35,4.9167
mastodon.noraworld.jp,35.69,139.69
mastodon.not-enough.space,46,2
mastodon.nzoss.nz,-41,174
mastodon.oita.jp,34.6864,135.52
mastodon.on-o.com,35.4478,139.6425
mastodon.open.legal,52.35,4.9167
mastodon.opportunis.me,48.8582,2.3387
mastodon.org.uk,52.3824,4.8995
mastodon.osaka,34.6864,135.52
mastodon.oss.nagoya,34.6864,135.52
mastodon.osyakasyama.me,37.4192,-122.0574
mastodon.p2pquake.net,35.685,139.7514
mastodon.papey.fr,48.8582,2.3387
mastodon.partecipa.digital,50.8614,-0.1204
mastodon.partipirate.org,51.4964,-0.1224
mastodon.patallan.com.au,39.0481,-77.4729
mastodon.pe,40.7357,-74.1724
mastodon.peshane.net,50.4104,2.8305
mastodon.pirateparty.be,51.2993,9.491
mastodon.poker,35.685,139.7514
mastodon.potager.org,48.8582,2.3387
mastodon.productionservers.net,44.925,-93.4627
mastodon.punkti.co,51.2993,9.491
mastodon.qowala.org,48.8582,2.3387
mastodon.radiofreerobotron.net,48.8582,2.3387
mastodon.rainbownerds.de,52.35,4.9167
mastodon.randulo.com,46,2
mastodon.recurse.com,39.0481,-77.4729
mastodon.redbrick.dcu.ie,53.3472,-6.2439
mastodon.retrodigital.net,45.504,-73.5748
mastodon.robotstart.info,34.6864,135.52
mastodon.rock-hosting.net,48.8582,2.3387
mastodon.rocks,46,2
mastodon.roflcopter.fr,48.8582,2.3387
mastodon.rta.vn,10.8142,106.6438
mastodon.rw,39.9653,-83.0235
mastodon.sail42.fr,48.8582,2.3387
mastodon.sakaki333.com,35.4478,139.6425
mastodon.sandwich.net,37.751,-97.822
mastodon.savikin.me,48.8582,2.3387
mastodon.schlenz.ruhr,51.469,7.5154
mastodon.scoffoni.net,48.8582,2.3387
mastodon.scot,49.0278,2.3264
mastodon.scuttle.org,40.7214,-74.0052
mastodon.sdf.org,37.751,-97.822
mastodon.seijin.jp,34.6864,135.52
mastodon.sergal.org,45.504,-73.5748
mastodon.shuuten.org,34.6864,135.52
mastodon.sinkuu.xyz,35.69,139.69
mastodon.sk,52.7027,5.2849
mastodon.sngsk.info,1.2855,103.8565
mastodon.snowandtweet.jp,34.6864,135.52
mastodon.social,46,2
mastodon.spdns.org,51.7136,8.7554
mastodon.sportsfans.social,40.7214,-74.0052
mastodon.srvmaison.fr.nf,50.4667,3.2333
mastodon.starrevolution.org,45.3168,-73.8659
mastodon.storel.li,45.7485,4.8467
mastodon.suncha.biz,35.685,139.7514
mastodon.survival-machines.fr,45.6067,4.8399
mastodon.swordlogic.com,45.8696,-119.688
mastodon.sylphid.jp,35.685,139.7514
mastodon.sylvaniansagamies.tokyo,34.6864,135.52
mastodon.teamblackberry.jp,35.685,139.7514
mastodon.technick.org,47.1449,8.1551
mastodon.technology,40.7214,-74.0052
mastodon.technosorcery.net,37.567,-121.9829
mastodon.tedomum.net,48.8833,2.5333
mastodon.tetaneutral.net,43.5995,1.4332
mastodon.tetrisfreak.org,34.6864,135.52
mastodon.therianthro.pe,48.8582,2.3387
mastodon.titoux.info,51.4964,-0.1224
mastodon.to,32.7787,-96.8218
mastodon.top,50.6942,3.1746
mastodon.toycode.com,35.685,139.7514
mastodon.training,37.4192,-122.0574
mastodon.transneptune.net,48.8582,2.3387
mastodon.tricast.org,35.685,139.7514
mastodon.ts-novels.jp,35.685,139.7514
mastodon.u4u.org,51.2993,9.491
mastodon.un-zero-un.net,48.8628,2.3292
mastodon.unfollow.today,48.8582,2.3387
mastodon.uy,51.2993,9.491
mastodon.vlntn.pw,48.8582,2.3387
mastodon.waffle.tech,34.0494,-118.2641
mastodon.wakayama.jp,34.6864,135.52
mastodon.weaponvsac.space,40.7357,-74.1724
mastodon.wiuse.work,34.6864,135.52
mastodon.xsteadfastx.org,52.244,8.0613
mastodon.xyz,51.4964,-0.1224
mastodon.yamaken.jp,34.6864,135.52
mastodon.yokohama,34.6864,135.52
mastodon.yoyo.org,51.4964,-0.1224
mastodon.yuritopia.net,45.8696,-119.688
mastodon.z27.ch,48.8582,2.3387
mastodon.zaclys.com,48.8582,2.3387
mastodon.zeguigui.com,48.782,2.1939
mastodon.zenfolie.org,45.504,-73.5748
mastodon.zombocloud.com,40.7357,-74.1724
mastodon.zunda.ninja,39.0481,-77.4729
mastodonar.club,34.0355,-118.4298
mastodonargentina.club,37.751,-97.822
mastodonaustralia.com.au,37.7353,-122.3732
mastodonchile.club,25.8124,-80.2401
mastodonfrance.com,48.8582,2.3387
mastodonian.city,51.2993,9.491
mastodons.jp,34.6864,135.52
mastodont.cat,51,9
mastodont.herokuapp.com,39.0481,-77.4729
mastodont.social,52.3613,4.6464
mastodonte.me,25.8124,-80.2401
mastodonten.de,51,9
mastodonti.co,50.1137,8.7119
mastodoom.social,34.6864,135.52
mastodoooooon.herokuapp.com,39.0481,-77.4729
mastodos.com,35.69,139.69
mastoidoljp.m.to,35.685,139.7514
mastoton.fi,48.8534,2.3488
matchdon.com,35.1802,136.9067
mathstodon.xyz,50.1137,8.7119
mathtod.online,35.685,139.7514
matitodon.com,48.8582,2.3387
mattips.online,59.3247,18.056
mayodon.club,35.685,139.7514
mazzo.masto.host,48.8582,2.3387
mbstdn.tokyo,34.6864,135.52
mcr.cool,40.7214,-74.0052
md.arg.vc,35.7494,139.2483
md.cryo.jp,35.5833,139.7483
md.distsn.org,34.6864,135.52
md.ggtea.org,35.685,139.7514
md.gloon.jp,34.6864,135.52
md.jigensha.info,37.751,-97.822
md.net-p.org,34.6864,135.52
md.paoon.social,34.6864,135.52
md.regastream.com,35.69,139.69
md.rhythmania.net,34.6864,135.52
md.sencic.com,48.8582,2.3387
md.tret.jp,37.751,-97.822
md.xps2.net,35.685,139.7514
md.yutasan.co,34.6864,135.52
mdn.crows.tokyo,34.6864,135.52
mdn.hinaloe.net,35.685,139.7514
mdon.ee,53.3389,-6.2595
mdx.ggtea.org,35.685,139.7514
mediadon.jp,35.685,139.7514
mediartodon.net,45.8696,-119.688
meemu.org,40.7308,-73.9975
mel.social,-33.8612,151.1982
mellified.men,39.9653,-83.0235
mementomori.space,46,2
memetastic.space,48.8582,2.3387
mental.social,35.5833,139.7483
meow.m.to,35.685,139.7514
meow.social,52.3613,4.6464
mercury.social,37.567,-121.9829
mess.casa,37.751,-97.822
metal.odon.space,48.8582,2.3387
metalhead.club,51,9
metaller.m.to,35.685,139.7514
mevo.xyz,35.7061,139.5594
mi.pede.rs,51.5142,-0.0931
mi5.jp,34.6864,135.52
miaou.drycat.fr,50.4104,2.8305
miblog.life,37.751,-97.822
micro.koray.al,41.0214,28.9684
miestodon.com,45.8696,-119.688
mikado-city.jp,35.1802,136.9067
mikumikudance.cloud,35.5833,139.7483
mikuspot.net,34.6864,135.52
millionimas.m.to,35.685,139.7514
mimumedon.com,34.6864,135.52
minidon.bacardi55.org,40.7214,-74.0052
mir.hostdon.jp,35.69,139.69
mirohli.m.to,35.685,139.7514
misanthropy.wang,48.8582,2.3387
miso.social,48.8582,2.3387
mist.so,35.685,139.7514
mmodon.online,48.8582,2.3387
mn.kitetu.com,34.6864,135.52
mn.ms,32.7787,-96.8218
moar.wine,47.1449,8.1551
mobile.st,39.0481,-77.4729
mobtodon.m.to,35.685,139.7514
moe.cat,35.685,139.7514
moe.neon.moe,52.3613,4.6464
moeism.me,35.69,139.69
mofu.kemo.no,48.8582,2.3387
mofu.m.to,35.685,139.7514
mogumogucombo.m.to,35.685,139.7514
momoclo.social,35.69,139.69
monsterpit.net,42.8864,-78.8781
monstodon.info,34.6864,135.52
moose.land,43.6683,-79.4205
morningcross.m.to,35.685,139.7514
moseisley.club,46,2
mostodon.info,34.6864,135.52
motodn.jp,35.685,139.7514
motorsports.m.to,35.685,139.7514
mountainpeoples.m.to,35.685,139.7514
mr.am,35.685,139.7514
mrt.al,40.7214,-74.0052
msd.alohaloa.com,35.685,139.7514
msdn.yourrhythm.jp,35.685,139.7514
msgdn.xyz,34.6864,135.52
mst-roa.m544.net,47.6801,-122.1206
mst.idsdt.com,35.69,139.69
mst.k7mc.xyz,35.685,139.7514
mst.m544.net,45.8696,-119.688
mst.ongstar.jp,37.4192,-122.0574
mst3k.interlinked.me,48.8582,2.3387
mstd.tokyo,34.6864,135.52
mstdn-ac.ryukyu,35.685,139.7514
mstdn-babymetal.com,45.8696,-119.688
mstdn-bike.net,34.6864,135.52
mstdn-d.info,35.69,139.69
mstdn-ent.com,35.685,139.7514
mstdn-football.jp,34.6864,135.52
mstdn-heroku.herokuapp.com,39.0481,-77.4729
mstdn-jp.site,36,138
mstdn-kanazawa.jp,35.685,139.7514
mstdn-kr.com,35.69,139.69
mstdn-minpaku.jp,35.685,139.7514
mstdn-nct.com,34.6864,135.52
mstdn-newprofession.jp,35.4478,139.6425
mstdn-pso2.online,34.6864,135.52
mstdn-uragi.jp,34.6864,135.52
mstdn-vn.com,34.6864,135.52
mstdn-workers.com,35.685,139.7514
mstdn.9uelle.jp,35.69,139.69
mstdn.a-apple.net,35.69,139.69
mstdn.a-tak.com,37.4192,-122.0574
mstdn.albormentum.com,35.69,139.69
mstdn.alnair.blue,34.6864,135.52
mstdn.anontown.com,34.6864,135.52
mstdn.aquaplus.jp,34.6864,135.52
mstdn.archi,46,2
mstdn.asami.red,35.685,139.7514
mstdn.awa.sfc.keio.ac.jp,35.69,139.69
mstdn.awm.jp,34.6864,135.52
mstdn.b-shock.org,35.685,139.7514
mstdn.bari-ikutsu.com,35.69,139.69
mstdn.barippi.com,35.69,139.69
mstdn.bitzeny.link,37.751,-97.822
mstdn.bizocean.co.jp,37.4192,-122.0574
mstdn.blue,34.9769,138.3831
mstdn.bomucha.net,35.69,139.69
mstdn.boxertwin.info,34.6864,135.52
mstdn.cafe,35.685,139.7514
mstdn.cc,37.751,-97.822
mstdn.centossrv.com,35.685,139.7514
mstdn.cf,35.685,139.7514
mstdn.chordwiki.org,46,2
mstdn.cktec.net,35.685,139.7514
mstdn.club,35.685,139.7514
mstdn.creatorsnight.com,35.685,139.7514
mstdn.cygnan.com,37.4192,-122.0574
mstdn.dank.software,30.4154,-97.7982
mstdn.dasoran.net,35.685,139.7514
mstdn.dyndns.org,35.69,139.69
mstdn.endurancesports.club,35.69,139.69
mstdn.ephemeral-arcadia.jp,34.6864,135.52
mstdn.ernix.jp,34.6864,135.52
mstdn.felice.biz,35.685,139.7514
mstdn.felice.biz.,35.685,139.7514
mstdn.firstforest.jp,34.6864,135.52
mstdn.fm,35.685,139.7514
mstdn.fr,51.4964,-0.1224
mstdn.fujii-yuji.net,48.8582,2.3387
mstdn.fukuoka.jp,34.6864,135.52
mstdn.fy.to,48.8582,2.3387
mstdn.gaijinsize.com,35.69,139.69
mstdn.glorificatio.org,35.69,139.69
mstdn.golf,47.6062,-122.3321
mstdn.gots9713.xyz,35.685,139.7514
mstdn.goziline.com,35.685,139.7514
mstdn.guru,34.6864,135.52
mstdn.hakai-macaron.com,35.685,139.7514
mstdn.hanabi-life.net,35.5833,139.7483
mstdn.haoyayoi.net,35.69,139.69
mstdn.haru2036.com,37.4192,-122.0574
mstdn.harusamex.com,35.69,139.69
mstdn.hisurga.com,36.0653,136.2219
mstdn.hokkaido.jp,35.69,139.69
mstdn.ht164.jp,35.7833,139.9
mstdn.hyogo.jp,34.6864,135.52
mstdn.i-fromjapan.com,34.6864,135.52
mstdn.i-red.info,35.4478,139.6425
mstdn.ibaraki.jp,52.3613,4.6464
mstdn.idolhack.com,35.685,139.7514
mstdn.ikasekai.com,34.6864,135.52
mstdn.image-space.info,34.6864,135.52
mstdn.imoimo.xyz,34.6864,135.52
mstdn.intmax.jp,35.685,139.7514
mstdn.io,50.6942,3.1746
mstdn.ipz.jp,34.6864,135.52
mstdn.jp,35.1802,136.9067
mstdn.jp.net,35.685,139.7514
mstdn.kanagu.info,35.69,139.69
mstdn.kaonikki.tokyo,34.6864,135.52
mstdn.kemono-friends.info,37.751,-97.822
mstdn.kemonox.jp,35.685,139.7514
mstdn.kidsblock.jp,35.685,139.7514
mstdn.kigurumi.fun,34.6864,135.52
mstdn.klg-tree.jp,35.69,139.69
mstdn.kwmr.info,37.4192,-122.0574
mstdn.kwmr.me,48.8582,2.3387
mstdn.kyoto,34.6864,135.52
mstdn.lalafell.org,34.6864,135.52
mstdn.lalafell.org.,34.6864,135.52
mstdn.liliso.com,35.5206,139.7172
mstdn.lyker.jp,37.4192,-122.0574
mstdn.m4sk.in,48.9167,14.1333
mstdn.madpainter.info,34.6864,135.52
mstdn.masuei.net,35.69,139.69
mstdn.maud.io,35.1802,136.9067
mstdn.mayobus.me,29.4889,-98.3987
mstdn.mechkey.jp,35.685,139.7514
mstdn.mikumiku.moe,37.751,-97.822
mstdn.mimikun.jp,35.69,139.69
mstdn.mini4wd-engineer.com,34.6864,135.52
mstdn.misosi.ru,35.685,139.7514
mstdn.miyazaki.jp,35.685,139.7514
mstdn.mk39.xyz,35.685,139.7514
mstdn.mobilehackerz.jp,34.6864,135.52
mstdn.mochiwasa.xyz,46,2
mstdn.monappy.jp,34.6864,135.52
mstdn.monster-girl.homelinux.net,35.1802,136.9067
mstdn.muto.me,34.6864,135.52
mstdn.mx,45.4987,-73.5793
mstdn.nagasaki.jp,35.685,139.7514
mstdn.nahcnuj.work,34.6864,135.52
mstdn.nakayuki.net,35.69,139.69
mstdn.nametaketakewo.net,39.0481,-77.4729
mstdn.nanamachi.net,35.6047,140.1233
mstdn.naruh.com,34.6864,135.52
mstdn.neigepluie.net,35.0214,135.7556
mstdn.nemsia.org,48.8582,2.3387
mstdn.nere9.help,34.6864,135.52
mstdn.neriko.net,35.69,139.69
mstdn.netaka.net,35.69,139.69
mstdn.new-game.pw,37.751,-97.822
mstdn.niigata.jp,37.9022,139.0236
mstdn.ninja,37.751,-97.822
mstdn.nl,52.3824,4.8995
mstdn.noritsuna.jp,39.0481,-77.4729
mstdn.ntk.so,35.69,139.69
mstdn.okayama.jp,34.6864,135.52
mstdn.okin-jp.net,48.8582,2.3387
mstdn.okinawa.jp,35.3911,136.7222
mstdn.okumin.com,37.4192,-122.0574
mstdn.omaera.org,52.3824,4.8995
mstdn.onl,46,2
mstdn.onosendai.jp,35.1802,136.9067
mstdn.orangeliner.net,35.685,139.7514
mstdn.oresys.nagoya,35.25,136.7833
mstdn.osaka,37.4192,-122.0574
mstdn.otofu.xyz,35.4478,139.6425
mstdn.poyo.me,35.1408,136.0829
mstdn.precure.fun,35.685,139.7514
mstdn.prfm.jp,39.0481,-77.4729
mstdn.ropo.jp,35.685,139.7514
mstdn.ryanak.xyz,35.69,139.69
mstdn.s6jr.com,34.6864,135.52
mstdn.s7t.de,51.2993,9.491
mstdn.sanin.club,52.35,4.9167
mstdn.sanin.link,35.685,139.7514
mstdn.sastudio.jp,36,138
mstdn.se,34.6864,135.52
mstdn.serv-ops.com,35.8569,139.6489
mstdn.sh,43.6683,-79.4205
mstdn.shizuoka.jp,46,2
mstdn.sk,52.35,4.9167
mstdn.soysoftware.net,35.0214,135.7556
mstdn.studio,35.69,139.69
mstdn.superspeed-fall.com,35.69,139.69
mstdn.syoriken.org,34.6864,135.52
mstdn.syui.cf,37.751,-97.822
mstdn.taiha.net,35.8569,139.6489
mstdn.taiyaki.online,34.6864,135.52
mstdn.takanory.jp,35.685,139.7514
mstdn.tako774.net,34.6864,135.52
mstdn.tanak3n.xyz,35.69,139.69
mstdn.techdrive.top,39.0481,-77.4729
mstdn.toaruhetare.net,35.685,139.7514
mstdn.togawa.cs.waseda.ac.jp,35.69,139.69
mstdn.tokyocameraclub.com,34.6864,135.52
mstdn.top,35.69,139.69
mstdn.trashkids.org,46,2
mstdn.uec.tokyo,35.6667,139.4833
mstdn.voyage,35.69,139.69
mstdn.web4u.jp,35.4478,139.6425
mstdn.wildtree.jp,35.4478,139.6425
mstdn.wood-built21.net,35.69,139.69
mstdn.xn--h1ahnbk7d.xn--p1ai,35.685,139.7514
mstdn.xn--q9jyb4c,35.685,139.7514
mstdn.yamachan.org,35.5206,139.7172
mstdn.yantene.net,34.6864,135.52
mstdn.yjsnpi.nu,35.8569,139.6489
mstdn.yoshimov.com,37.751,-97.822
mstdn.ytgrsua4.net,35.685,139.7514
mstdn.yuyat.jp,34.6864,135.52
mstdn.yyuuiikk.org,34.6864,135.52
mstdn.zoddo.fr,44.3524,2.5726
mstdn.zuyadon.tk,35.6047,140.1233
mstdn1.ssc-web.net,37.4192,-122.0574
mstdn18.jp,35.1802,136.9067
mstdn2017.club,34.6864,135.52
mstdngirls.net,35.685,139.7514
mstdnsrv.moe.hm,35.6047,140.1233
mstdntr.com,52.3824,4.8995
mstdona.net,34.6864,135.52
mstdoujin.net,35.69,139.69
msyk.m.to,35.685,139.7514
mtgdon.jp,35.685,139.7514
muenster.im,51.2993,9.491
mushroomkingdomdon.m.to,35.685,139.7514
music.pawoo.net,35.685,139.7514
musicdn.jp,34.6864,135.52
mustardon.tokyo,35.685,139.7514
muwiter.m.to,35.685,139.7514
myc.m.to,35.685,139.7514
myfreckle.com,45.8696,-119.688
myles.life,43.6555,-79.3626
myriad.social,-4.5834,55.6667
nadesiko-users.info,34.6864,135.52
naf.m.to,35.685,139.7514
nagoyadon.jp,34.6864,135.52
nanasi.m.to,35.685,139.7514
nandon.cc,35.685,139.7514
nantes.social,48.8582,2.3387
naos.crypto.church,51.2993,9.491
napear.m.to,35.685,139.7514
natudon-fishing.net,34.6864,135.52
natudon-outdoor.net,34.6864,135.52
negipan.m.to,35.685,139.7514
nejiamasi.com,34.6864,135.52
neko.pics,35.69,139.69
nerdica.net,51,9
nerds.party,48.8582,2.3387
neritodon.xyz,35.685,139.7514
neumann.m.to,35.685,139.7514
newsmastodon.com,45.8696,-119.688
newtro.club,35.685,139.7514
newtype.institute,45.8696,-119.688
newyorkdon.net,34.6864,135.52
nfg.zone,-33.494,143.2104
ngndn.jp,35.685,139.7514
nhk.jikkyo.tv,34.6864,135.52
nice.toote.rs,48.8582,2.3387
nicra.fr,48.8582,2.3387
nightmare.zone,37.751,-97.822
niigata.minnna.xyz,35.69,139.69
nijiato.nagoya,35.685,139.7514
nikatsudon.m.to,35.685,139.7514
nildon.com,48.8582,2.3387
nishinomiya.in.net,35.0214,135.7556
niu.moe,50.6942,3.1746
niwatoriman.me,37.4192,-122.0574
nkmr.paoru.jp,34.6864,135.52
noagendasocial.com,51.4964,-0.1224
nobody.social,40.4652,-74.2307
nodotsam.xyz,51.4964,-0.1224
noisebridge.social,52.3613,4.6464
nokotaro.com,46,2
nokotaro.work,35.685,139.7514
nonsensoleum.net,46,2
nonsta.m.to,35.685,139.7514
not.phrack.fyi,41.1034,-104.9059
noupti.me,52.2965,4.9542
now.kibousoft.co.jp,35.685,139.7514
nrd.li,40.7214,-74.0052
nsfw.finance,39.1068,-94.566
nt50tec.m.to,35.685,139.7514
ntv.jikkyo.tv,34.6864,135.52
nulled.red,48.8582,2.3387
nutria.m.to,35.685,139.7514
o.kagucho.net,35.69,139.69
obitsudon.midyuki.net,35.685,139.7514
oc.todon.fr,48.8582,2.3387
occitanie.social,51.4964,-0.1224
occult.camp,37.567,-121.9829
octodon.social,48.8582,2.3387
odaidon.m.to,35.685,139.7514
off-the-clock.us,40.7357,-74.1724
ofuton.io,48.8582,2.3387
ohai.su,51.2993,9.491
ohmidon.m.to,35.685,139.7514
oidemasetodon.com,34.6864,135.52
ojitabi.club,35.69,139.69
okinawa-mstdn.okinawa,34.6864,135.52
oknwdn.com,35.69,139.69
oldbytes.space,46,2
omanko.porn,35.685,139.7514
omoch.m.to,35.685,139.7514
omotesandon.com,34.6864,135.52
oniko-branch.moe,35.69,139.69
open2.ch,37.751,-97.822
oransns.com,35.7574,139.6273
ore.m.to,35.685,139.7514
oreka.online,48.8582,2.3387
oriwebdon.com,1.2855,103.8565
ostatus.blessedgeeks.jp,35.685,139.7514
ostatus.blessedgeeks.org,35.69,139.69
ostatus.isidai.com,35.1802,136.9067
ostatus.renken.is,40.7391,-73.9826
ostatus.shade3d.jp,35.685,139.7514
ostatus.taiyolab.com,45.8696,-119.688
ostatus.yajamon.xyz,35.685,139.7514
ostatus.yoh2.ddo.jp,34.6864,135.52
otajodon.com,35.685,139.7514
otogamer.me,35.69,139.69
otomachi.m.to,35.685,139.7514
otoya.space,35.685,139.7514
oulipo.social,40.7214,-74.0052
overthinking.club,34.0355,-118.4298
owata.m.to,35.685,139.7514
oxidized.systems,37.3387,-121.8914
oyakodon.m.to,35.685,139.7514
p.kokolor.es,51,9
pachyder.me,48.8582,2.3387
pachyderm.herokuapp.com,39.0481,-77.4729
paku.m.to,35.685,139.7514
pan2.m.to,35.685,139.7514
pangeon.jp,34.6864,135.52
pantadoon.m.to,35.685,139.7514
pao.moe,37.751,-97.822
paoon.club,35.685,139.7514
paradise.engineering,51.5142,-0.0931
party.ochakai.moe,39.0481,-77.4729
party.personal.pizza,39.0481,-77.4729
pawoo.net,35.685,139.7514
pcgame.jp,34.6864,135.52
pdx.social,45.5171,-122.6802
pegelinux.ga,37.751,-97.822
persadon.com,48.8582,2.3387
phirat.club,51.2993,9.491
photodn.net,35.69,139.69
photog.social,46,2
piano.masto.host,48.8582,2.3387
pico8.social,40.7214,-74.0052
planet.moe,37.5112,126.9741
planner.social,48.8582,2.3387
plasticmodels.tokyo,35.69,139.69
playingwithworms.org.uk,51.4964,-0.1224
playvicious.social,51.2993,9.491
ple.ggtea.org,35.685,139.7514
pleasehug.me,51,9
pleroma.kazuhiko.kitamura.name,37.4192,-122.0574
pleroma.kitamurakz.com,37.4192,-122.0574
pleroma.knzk.me,35.685,139.7514
pleroma.nakanod.net,37.751,-97.822
pleroma.playground.ws,37.4192,-122.0574
pleroma.soykaf.com,33.748,-84.3858
pleroma.vocalodon.net,34.6864,135.52
plrm.ht164.jp,35.7833,139.9
pnw.social,48.6946,-122.6654
pochi46.com,34.6864,135.52
podcast.style,35.69,139.69
poils.pachyderme.net,48.8582,2.3387
pokedon.org,34.6864,135.52
pokemon.mastportal.info,35.69,139.69
pom.m.to,35.685,139.7514
pom.masto.host,46,2
pompom.m.to,35.685,139.7514
porntoot.com,34.0355,-118.4298
postdon.com,35.7979,139.5254
potaodon.audio,34.6864,135.52
pouet.apdu.fr,43.1479,12.1097
pouet.chapril.org,51.2993,9.491
pouet.chouech.org,48.8582,2.3387
pouet.coazergues.info,48.8582,2.3387
pouet.couchet.org,48.8582,2.3387
pouet.dachary.org,48.8582,2.3387
pouet.it,48.8582,2.3387
pouet.meutel.net,51.2993,9.491
pouet.panglossoft.fr,46,2
pouet.yolops.net,46,2
pouets.ovh,46,2
precure.ml,35.5531,139.3544
pritter.tk,35.685,139.7514
pso2.club,32.0632,131.4869
psodon.com,34.6864,135.52
pteranodon.net,34.6864,135.52
puredon.matcha-soft.com,35.69,139.69
puter.games,51.4964,-0.1224
pwning.social,39.0481,-77.4729
qatuno.de,51.2993,9.491
qdon.space,35.5833,139.7483
qiitadon.com,47.6344,-122.3422
qtdon.m.to,35.685,139.7514
queer.cloud,51.5142,-0.0931
queer.party,46,2
queer.town,46,2
quimas.work,35.69,139.69
quizdon.com,35.69,139.69
quod.pl,37.751,-97.822
raccoon.network,37.567,-121.9829
rafting.io,45.8696,-119.688
rainyman.jp,34.6864,135.52
ramendon.jp,35.69,139.69
ranobe.net,37.751,-97.822
raven.dog,32.7787,-96.8218
real-escape.jp,35.69,139.69
reallygay.party,34.0355,-118.4298
recode.macro.tokyo,34.6864,135.52
redwombat.social,35.8601,-78.8326
remicck.club,34.6864,135.52
republikrenyonez.sytes.net,46.4684,3.9416
reseau.education,47.1449,8.1551
resipsa.social,48.8582,2.3387
resistance.hostdon.jp,35.69,139.69
resistodon.com,40.7214,-74.0052
retro.social,40.7214,-74.0052
rettiwtkcuf.social,34.4853,-97.8522
rich.gop,48.8582,2.3387
rikadon.club,35.69,139.69
risingsun.red,35.69,139.69
ro-mastodon.puyo.jp,35.69,139.69
robloxcommunity.social,33.6119,-111.8906
route66.social,51.4964,-0.1224
rthelp.rta.vn,10.8142,106.6438
rubber.social,37.567,-121.9829
rugdon.fun,35.685,139.7514
ruhr.social,51.2993,9.491
rungirls.run,35.685,139.7514
s.brined.fish,40.7214,-74.0052
s.dat.cloud,37.751,-97.822
s.maximeborg.es,52.3613,4.6464
s.neguse.net,35.5833,139.7483
s.ovalerio.net,52.35,4.9167
sabowl.m.to,35.685,139.7514
sagatodon.m.to,35.685,139.7514
saigodon.jp,35.685,139.7514
saitama-stdn.com,35.685,139.7514
sakaba.space,35.1028,129.0403
sakejp.tokyo,35.69,139.69
sakoku.jp,34.6864,135.52
salty.vet,33.6119,-111.8906
sanam.xyz,37.4192,-122.0574
sandbox.skoji.jp,34.6864,135.52
sarubobo.red,35.69,139.69
satocc.biz,35.1802,136.9067
satzcoal.com,37.4536,126.7317
saunner.com,34.6864,135.52
sc.sigmaris.info,37.751,-97.822
scalie.club,47.6145,-122.348
schlechter.host,46,2
scholar.social,37.751,-97.822
schuppentier.org,51,9
scicomm.xyz,51.5142,-0.0931
scifi.fyi,40.8326,-74.1307
sckc.stream,39.9289,116.3883
scotland.computer,51.2993,9.491
scp.m.to,35.685,139.7514
sdfn-01.ninjawedding.org,37.751,-97.822
sdmesh.social,32.7153,-117.1573
selfcare.masto.host,48.8582,2.3387
selfy.army,50.1167,8.6833
semi.m.to,35.685,139.7514
senridon.com,35.4478,139.6425
servercan.xyz,34.6864,135.52
setagaya.place-life.com,35.685,139.7514
setl.ist,35.69,139.69
shadowverdon.m.to,35.685,139.7514
shadowverse-mstdn.jp,34.6864,135.52
share.elouworld.org,46,2
shelter.moe,48.8582,2.3387
shigadon.com,35.69,139.69
shigyoudon.jp,34.6864,135.52
shimaidon.net,35.69,139.69
shimokita.social,35.69,139.69
shintarokurachi.tokyo,35.4478,139.6425
shkval.net,35.69,139.69
siege.rhino.cards,37.4192,-122.0574
sigint.sx,51.5142,-0.0931
siidon.lab-kadokawa.com,35.685,139.7514
simstim.club,52.3613,4.6464
sio.masto.host,46,2
sisuclub.com,30.2936,120.1614
sizedon.com,35.69,139.69
sldon.com,35.69,139.69
sldon.jp,35.685,139.7514
sleeklounge.com,40.8326,-74.1307
slime.global,48.8582,2.3387
sn.angry.im,37.751,-97.822
snabeltann.no,59.8167,17.6333
snap.photo,40.7214,-74.0052
sns.gdgd.jp.net,35.6995,139.6364
soc.ialis.me,46,2
social.48bin.net,34.6864,135.52
social.adlerweb.info,48.8582,2.3387
social.alabasta.net,48.8582,2.3387
social.alex73630.xyz,48.8582,2.3387
social.alifein.tech,48.8582,2.3387
social.allthefallen.ninja,52.3824,4.8995
social.apreslanu.it,51.4964,-0.1224
social.arbleizez.bzh,45.0411,-0.493
social.arnip.org,34.6864,135.52
social.ash.bzh,48.8582,2.3387
social.atypique.net,48.8582,2.3387
social.backtick.town,40.0481,-105.3842
social.ballpointcarrot.net,47.8561,-122.2829
social.bluecore.net,36,138
social.buffalomesh.net,42.8549,-78.863
social.bzh,46,2
social.celabs.com,41.6123,-86.1381
social.chilliet.eu,45.7904,4.8411
social.chinwag.im,-33.9032,150.9677
social.chinwag.org,-33.9032,150.9677
social.cofe.space,52.3613,4.6464
social.conglomer.net,40.7357,-74.1724
social.coop,52.3613,4.6464
social.csswg.org,37.751,-97.822
social.d0p1.eu,48.8763,2.3183
social.denkbrettl.org,51,9
social.depertat.net,48.8582,2.3387
social.device5.co.uk,51.4964,-0.1224
social.devio.us,39.0481,-77.4729
social.devloprog.org,43.7986,1.6062
social.diskseven.com,46,2
social.dropbear.xyz,37.751,-97.822
social.elbmatsch.de,51.2993,9.491
social.etc-services.de,51.2993,9.491
social.eyesight.jp,34.6864,135.52
social.farend.co.jp,35.685,139.7514
social.gaos.org,51.2993,9.491
social.gemuplay.com,40.8326,-74.1307
social.gwadalug.org,40.7214,-74.0052
social.hideo54.com,35.685,139.7514
social.historyhorde.com,51.5142,-0.0931
social.homunyan.com,47.6145,-122.348
social.hyuki.net,34.6864,135.52
social.icewind.nl,51.4367,5.4801
social.imirhil.fr,51.4964,-0.1224
social.infranix.eu,48.8582,2.3387
social.ioserv.space,51.2993,9.491
social.irrwitz.com,52.9667,-1.1667
social.java.nrw,51.2993,9.491
social.jdiez.me,40.4165,-3.7026
social.jp-mstdn.com,34.6864,135.52
social.katarpilar.com,51.4964,-0.1224
social.kimamass.com,34.6864,135.52
social.konosuke.jp,36,138
social.koyu.space,48.8582,2.3387
social.lab.cultura.gov.br,-15.7833,-47.9167
social.lafermenumerique.com,37.751,-97.822
social.lasanha.org,37.751,-97.822
social.lecker.coffee,51.2993,9.491
social.linss.com,33.2581,-116.9821
social.literati.org,37.4192,-122.0574
social.lkw.tf,49.0278,2.3264
social.logilab.org,48.8833,2.5333
social.lou.lt,46,2
social.mastodon.com.au,45.504,-73.5748
social.matsuuratomoya.com,37.751,-97.822
social.mecanis.me,37.751,-97.822
social.mochi.academy,45.504,-73.5748
social.myconan.net,34.6864,135.52
social.nah.re,48.8582,2.3387
social.nasqueron.org,37.751,-97.822
social.nassi.me,51.4964,-0.1224
social.nervestaple.com,39.0481,-77.4729
social.netzkombinat.su,51.2993,9.491
social.noff.co,47.2098,-122.4092
social.nofftopia.com,37.751,-97.822
social.noisyspot.jp,34.6864,135.52
social.noostache.fr,48.8582,2.3387
social.ntic.fr,45.4809,4.4317
social.numerama.com,48.8582,2.3387
social.oupsman.fr,48.8582,2.3387
social.over-world.org,52.5167,13.4
social.paddlefish.net,40.7357,-74.1724
social.ponyfrance.net,48.8582,2.3387
social.pop42.net,50.4639,1.7628
social.pretzlaff.co,51,9
social.pueseso.club,-31.7333,-55.9833
social.qunagi.net,34.6864,135.52
social.rbs.io,40.7357,-74.1724
social.sakamoto.gq,48.8582,2.3387
social.sdr.haus,45.8696,-119.688
social.sitedethib.com,48.7664,2.0341
social.spiwit.net,46,2
social.strog.org,32.7825,-96.8207
social.svallee.fr,48.8582,2.3387
social.taker.fr,51.2993,9.491
social.talk.coffee,37.4192,-122.0574
social.targaryen.house,51.4964,-0.1224
social.tchncs.de,51.4964,-0.1224
social.tcit.fr,51.4964,-0.1224
social.tedkulp.com,40.7214,-74.0052
social.that.world,51,9
social.tilde.team,34.0494,-118.2641
social.tinysubversions.com,37.567,-121.9829
social.touha.me,50.1137,8.7119
social.treyssatvincent.fr,48.8582,2.3387
social.troll.academy,49.4478,11.0683
social.tuto-craft.com,48.8582,2.3387
social.vincentux.fr,51.4964,-0.1224
social.weho.st,52.3824,4.8995
social.willistonschools.org,48.336,-101.3256
social.wiuwiu.de,51,9
social.wxcafe.net,46,2
social.xmob.me,37.751,-97.822
socialgame.mstdn.cloud,35.685,139.7514
society.oftrolls.com,52.3613,4.6464
solo-outdon.club,34.6864,135.52
soogle.m.to,35.685,139.7514
soscet.network,35.685,139.7514
sozial.derguhl.de,51.2993,9.491
spanner.works,52.5,5.75
spladoon.yuzulia.com,34.6864,135.52
spod.ca,37.751,-97.822
spooky.pizza,40.7214,-74.0052
squid.cafe,40.8326,-74.1307
squope.net,39.9653,-83.0235
st.foresdon.jp,35.685,139.7514
status.bcarlin.net,48.8582,2.3387
status.dissidence.ovh,48.9193,2.5431
status.ldjb.uk,51.5142,-0.0931
status.pointless.one,51.5142,-0.0931
stcpt.com,34.6864,135.52
steamstdn.com,35.685,139.7514
stoneartprod.xyz,46,2
subculdon.com,35.69,139.69
succ.faith,37.751,-97.822
such.social,37.751,-97.822
sukadon.m.to,35.685,139.7514
suku.m.to,35.685,139.7514
summoners-riftodon.jp,35.69,139.69
sunshinegardens.org,48.8582,2.3387
sw-mastodon.herokuapp.com,39.0481,-77.4729
sweettitties.scalingo.io,48.8582,2.3387
swift.language.jp,1.2855,103.8565
syamuwatching.m.to,35.685,139.7514
sys.kawi.fr,48.8582,2.3387
syui-ml.herokuapp.com,39.0481,-77.4729
t.b612.me,34.0494,-118.2641
t.con.sh,37.751,-97.822
t.cypv4.com,41.5788,-93.6801
t.d65.xyz,34.6864,135.52
t.unihubs.com,35.5833,139.7483
tablegame.mstdn.cloud,35.685,139.7514
taconiji.m.to,35.685,139.7514
taketodon.com,35.69,139.69
tali.t0k.org,37.751,-97.822
talk.econudes.org,46,2
tantor.online,48.8628,2.3292
taruntarun.net,36,138
tbs.jikkyo.tv,34.6864,135.52
teacoffee.life,50.1137,8.7119
teamtk.eu,48.8582,2.3387
teatime.afternoonrobot.co.uk,37.751,-97.822
tech.lgbt,33.749,-84.388
techdon.info,39.0481,-77.4729
techn.ical.ist,48.8582,2.3387
technologeek.me,34.6864,135.52
tegedon.net,35.69,139.69
tekkadon.manimani.cc,35.685,139.7514
tenforward.social,32.7787,-96.8218
teo.taiha.net,35.8203,139.8044
tera.m.to,35.685,139.7514
tescher.me,37.751,-97.822
test.afn.social,34.6864,135.52
test.animedon.tk,37.751,-97.822
test.tegedon.net,35.69,139.69
testodon.herokuapp.com,39.0481,-77.4729
tgp.jp,35.685,139.7514
the-hash.m.to,35.685,139.7514
the.resize.club,40.7214,-74.0052
the.wired.sehol.se,52.35,4.9167
theboss.tech,35.1802,136.9067
thechurchofmemes.com,40.7214,-74.0052
theferret.social,34.0355,-118.4298
themepark.m.to,35.685,139.7514
thepractice.space,33.3062,-111.8413
thezombie.net,37.4192,-122.0574
thinkers.ac,35.685,139.7514
this.mouse.rocks,46,2
tibibibimbap.m.to,35.685,139.7514
timshomepage.net,42.7394,-84.5698
tinnies.club,39.0481,-77.4729
tiny.tilde.website,48.8582,2.3387
todon.nl,52.3824,4.8995
togart.de,51.2993,9.491
tokamstdn.jp,35.685,139.7514
tokotodon.m.to,35.685,139.7514
tokyo.mastodon-servers.net,35.685,139.7514
tokyoidolfestival.m.to,35.685,139.7514
tokyomx.jikkyo.tv,34.6864,135.52
tomitodon.huideyeren.info,46,2
tooot.im,51.4964,-0.1224
tooru.m.to,35.685,139.7514
toot-lab.reclaim.technology,40.4652,-74.2307
toot.aquilenet.fr,48.8582,2.3387
toot.berlin,51.2993,9.491
toot.blue,45.8696,-119.688
toot.cafe,47.6801,-122.1206
toot.cat,37.7749,-122.4194
toot.cerebralab.com,48.8582,2.3387
toot.chat,42.8864,-78.8781
toot.forumanalogue.fr,45.1715,5.7224
toot.gibberfish.org,48.8582,2.3387
toot.host,53.4663,-2.1342
toot.iwh12.jp,35.685,139.7514
toot.kashishokunin.com,35.685,139.7514
toot.kif.rocks,51.2993,9.491
toot.krinetzki.de,51.65,6.1833
toot.lain.moe,37.7353,-122.3732
toot.lmorchard.com,37.3688,-122.0363
toot.love,46,2
toot.matereal.eu,51.2993,9.491
toot.memtech.website,37.751,-97.822
toot.oekaki.st,35.685,139.7514
toot.okaris.de,51.2993,9.491
toot.ordinarius-fectum.net,35.685,139.7514
toot.ordinarius-fectum.net.,35.685,139.7514
toot.playground.ws,35.685,139.7514
toot.plus.yt,48.8582,2.3387
toot.pm,50.1137,8.7119
toot.psyco.fr,48.8582,2.3387
toot.redmine.jp,35.685,139.7514
toot.si,46,2
toot.tibidoo.com,48.8582,2.3387
toot.timecube.club,37.7989,-122.3984
toot.tzim.net,48.9193,2.5431
toot.wiredpunch.com,35.69,139.69
toot.works,47.6801,-122.1206
toot.yukimochi.jp,28.55,115.9333
tootcn.com,39.9289,116.3883
tooter.fr,48.8582,2.3387
tooter.masto.host,48.8582,2.3387
tooting.intensifi.es,51.4964,-0.1224
tootme.de,51.2993,9.491
tootplanet.space,32.7787,-96.8218
toots.benpro.fr,48.8582,2.3387
toots.corzntin.fr,37.751,-97.822
torontomusic.cloud,48.8582,2.3387
torus1111.m.to,35.685,139.7514
touhey.org,48.8582,2.3387
training-fitness.fun,34.6864,135.52
trans.town,45.504,-73.5748
trickle.ink,34.6864,135.52
trunk.mad-scientist.club,52.35,4.9167
tsuruga.net,34.6864,135.52
tty.pw,33.2381,131.6125
tuner.1242.com,35.69,139.69
turezure.m.to,35.685,139.7514
tusk.schoollibraries.net,45.3168,-73.8659
tusk.social,40.7357,-74.1724
tusk.what.re,51.2993,9.491
tutut.delire.party,48.8582,2.3387
tvasahi.jikkyo.tv,34.6864,135.52
tvdon.rt-trend.jp,35.685,139.7514
tvdon.tv,47.6344,-122.3422
twingyeo.kr,35.5833,139.7483
twitterchan.net,33.9681,-84.2304
typing.sexy,40.7214,-74.0052
typrout.ml,34.6833,135.7
ue4-mstdn.tokyo,35.685,139.7514
ukrainian.social,37.751,-97.822
uldhaar.dk,51.2993,9.491
umastodon.jp,35.685,139.7514
un.lobi.to,51.5142,-0.0931
uncensored.masto.host,48.8582,2.3387
under-bank.blue,34.6864,135.52
unidon.asmodeus.red,35.685,139.7514
unique-inet.tokyo,34.6864,135.52
unity.m.to,35.685,139.7514
unityjp-mastodon.tokyo,45.8696,-119.688
unixcorn.xyz,51.2993,9.491
unkomaker.m.to,35.685,139.7514
unnerv.jp,47.6344,-122.3422
urawareds.org,34.6864,135.52
uri.life,35.685,139.7514
urvogel.club,34.6864,135.52
utodon.jp,45.8696,-119.688
v-hills.m.to,35.685,139.7514
v22017122292958322.goodsrv.de,51.2993,9.491
vapers.jp,34.6864,135.52
vastodon.com,35.685,139.7514
vawn.m.to,35.685,139.7514
veah.cocoa.moe,34.6864,135.52
vegetadon.tokyo,35.6021,139.6
vidja.social,40.7214,-74.0052
vkdn.jp,37.4192,-122.0574
vmrpc.net,35.69,139.69
vocalodon.net,34.6864,135.52
vocalomakets.jp,34.6864,135.52
voe.social,46,2
voluntary.world,40.7214,-74.0052
voluntaryaction.network,46,2
vulpine.club,40.7357,-74.1724
w3c.social,48.8582,2.3387
wabi.m.to,35.685,139.7514
wandering.shop,40.7214,-74.0052
waraiotoko.net,36,138
warubure.online,34.6864,135.52
weaselshit.com,1.2855,103.8565
webcommunity.club,39.0481,-77.4729
weebs.moe,40.8326,-74.1307
weird.tf,48.8582,2.3387
wellness.so,38.9042,-77.032
whiskycat.m.to,35.685,139.7514
witches.town,48.8582,2.3387
wizfox.jp,35.685,139.7514
wkfg.me,22.25,114.1667
wogan.im,1.3667,103.8
wowsdon.xyz,48.8582,2.3387
writing.exchange,46,2
wsup.social,34.0355,-118.4298
wug.fun,39.9653,-83.0235
www.azuki-zenzai.net,34.6864,135.52
www.chatalk.club,51.2993,9.491
www.ksu-mastodon.com,35.69,139.69
www.mofgao.space,36,138
www.mstddntfdn.online,34.8,135.35
www.nekotodon.com,34.6864,135.52
www.seiyu-mstdn.club,45.8696,-119.688
wxw.moe,35.685,139.7514
x0r.be,51.4964,-0.1224
xn--kckk1cy297bor8a.jp,35.685,139.7514
xn--n8jycee5a4lmeyevltfzc2sja1jw105ewz3i.club,35.69,139.69
xn--twttr-7raz.com,37.4192,-122.0574
xn--wmq.jp,36,138
xn--zck4ad5f2e.jp,36,138
xn--zckuao5dze.jp,34.6864,135.52
xxx.m.to,35.685,139.7514
yakult.style,35.685,139.7514
yakyudon.net,35.1802,136.9067
yamagadon.com,46,2
yamastodon.com,34.6864,135.52
yamastodon.jp,35.685,139.7514
ykzts.technology,37.751,-97.822
yomidon.okinawa,40.7214,-74.0052
yontengop.com,35.685,139.7514
yoshis.woolly.world,52.35,4.9167
yougaku20c.m.to,35.685,139.7514
ysfh.m.to,35.685,139.7514
yso.pet,48.8582,2.3387
yukari.cloud,34.6864,135.52
yukarin.club,34.6864,135.52
yume.social,36,138
yumejo.m.to,35.685,139.7514
yutacar.info,34.6864,135.52
yuzulia.xyz,35.685,139.7514
zenet.work,48.8582,2.3387
zenyasai.g-fukurowl.club,35.69,139.69
zerohack.xyz,37.3387,-121.8914
ziroh.be,48.8582,2.3387
znark.us,32.7787,-96.8218
